,Property Reference Id,Predicted FE,Actual FE
0,105789429,106.17942810058594,107.47369384765625
1,105789429,101.89806365966797,107.47369384765625
2,105789429,101.89806365966797,107.47369384765625
3,105979247,76.71646881103516,119.43856048583984
4,105987835,71.20565032958984,80.45603942871094
5,105987873,77.53517150878906,26.295438766479492
6,106035713,102.66718292236328,107.47369384765625
7,106035713,102.66718292236328,107.47369384765625
8,106035713,102.66718292236328,107.47369384765625
9,106035713,101.6287841796875,107.47369384765625
10,106035713,87.41716003417969,107.47369384765625
11,106035713,87.41716003417969,107.47369384765625
12,106173380,85.76349639892578,76.7719955444336
13,106212993,81.19652557373047,26.295438766479492
14,106212993,81.19652557373047,26.295438766479492
15,106214818,90.18497467041016,76.7719955444336
16,106231752,71.20565032958984,80.45603942871094
17,106231752,73.22130584716797,80.45603942871094
18,106250583,77.53707885742188,39.07124710083008
19,106270291,75.63893127441406,113.15628814697266
20,106270291,75.63893127441406,113.15628814697266
21,106301063,93.6831283569336,119.43856048583984
22,106301063,93.6831283569336,119.43856048583984
23,106301063,93.6831283569336,119.43856048583984
24,106301063,82.02448272705078,119.43856048583984
25,106301063,82.02448272705078,119.43856048583984
26,106301063,93.6831283569336,119.43856048583984
27,106301063,93.6831283569336,119.43856048583984
28,106301063,93.6831283569336,119.43856048583984
29,106346842,91.22762298583984,76.7719955444336
30,106356884,99.50143432617188,119.11810302734375
31,106383941,81.25332641601562,69.36235046386719
32,106420226,76.2718734741211,76.7719955444336
33,106420226,76.2718734741211,76.7719955444336
34,106474312,87.72335052490234,116.93912506103516
35,106493074,100.50171661376953,116.37858581542969
36,106493074,100.50171661376953,116.37858581542969
37,106546842,98.77754974365234,137.12078857421875
38,106658070,80.08484649658203,107.47369384765625
39,106658070,80.08484649658203,107.47369384765625
40,106677439,80.3441390991211,66.30628967285156
41,106677439,80.3441390991211,66.30628967285156
42,106677439,80.3441390991211,66.30628967285156
43,106677439,80.3441390991211,66.30628967285156
44,106677439,80.3441390991211,66.30628967285156
45,106727510,88.30135345458984,34.95726013183594
46,106754014,88.30135345458984,34.95726013183594
47,106754014,86.04243469238281,34.95726013183594
48,106792248,72.43061065673828,119.43856048583984
49,106792249,75.74948120117188,26.295438766479492
50,106792250,99.90348815917969,69.45793914794922
51,106831562,84.51042175292969,39.07124710083008
52,106959714,106.17461395263672,107.47369384765625
53,106973168,106.17461395263672,107.47369384765625
54,106978391,106.17461395263672,107.47369384765625
55,106988330,106.17461395263672,107.47369384765625
56,106988330,106.17461395263672,107.47369384765625
57,106988330,106.17461395263672,107.47369384765625
58,107005997,92.8893051147461,119.11810302734375
59,107005997,92.02826690673828,119.11810302734375
60,107005997,92.02826690673828,119.11810302734375
61,107005997,89.4552230834961,119.11810302734375
62,107005997,89.4552230834961,119.11810302734375
63,107005997,92.8893051147461,119.11810302734375
64,107005997,92.8893051147461,119.11810302734375
65,107005997,92.02826690673828,119.11810302734375
66,107005997,92.02826690673828,119.11810302734375
67,107005997,92.02826690673828,119.11810302734375
68,107005997,92.02826690673828,119.11810302734375
69,107006616,95.86918640136719,113.15628814697266
70,107126092,87.135009765625,113.15628814697266
71,107126094,84.72490692138672,76.7719955444336
72,107166991,88.69808959960938,83.49282836914062
73,107166991,88.69808959960938,83.49282836914062
74,107166991,88.69808959960938,83.49282836914062
75,107166991,88.69808959960938,83.49282836914062
76,107166991,88.69808959960938,83.49282836914062
77,107187682,86.27619171142578,76.7719955444336
78,107187682,86.27619171142578,76.7719955444336
79,107259120,73.74271392822266,26.295438766479492
80,107308871,86.91950988769531,115.1751708984375
81,107308871,86.91950988769531,115.1751708984375
82,107468456,86.09953308105469,76.7719955444336
83,107468456,89.81501007080078,76.7719955444336
84,107468456,89.81501007080078,76.7719955444336
85,107468456,95.9275894165039,76.7719955444336
86,107468456,89.81501007080078,76.7719955444336
87,107468456,84.32259368896484,76.7719955444336
88,107468456,84.32259368896484,76.7719955444336
89,107468456,84.32259368896484,76.7719955444336
90,107468456,84.32259368896484,76.7719955444336
91,107498963,102.60260772705078,26.295438766479492
92,107498963,94.39990234375,26.295438766479492
93,107498963,94.39990234375,26.295438766479492
94,107498963,88.45906829833984,26.295438766479492
95,107676488,91.8154525756836,135.2084503173828
96,107684113,96.24830627441406,126.59852600097656
97,107684113,96.24830627441406,126.59852600097656
98,107684113,86.5383529663086,126.59852600097656
99,107684113,86.5383529663086,126.59852600097656
100,107684113,92.21129608154297,126.59852600097656
101,107684113,84.39252471923828,126.59852600097656
102,107684113,101.99292755126953,126.59852600097656
103,107870069,99.37033081054688,66.30628967285156
104,107870069,98.95335388183594,66.30628967285156
105,107870069,98.95335388183594,66.30628967285156
106,107870069,98.95335388183594,66.30628967285156
107,107870069,98.95335388183594,66.30628967285156
108,107892663,106.14087677001953,89.21868133544922
109,107892663,73.06554412841797,89.21868133544922
110,107892663,83.10054779052734,89.21868133544922
111,107897003,72.49698638916016,26.295438766479492
112,107929378,96.55267333984375,85.00253295898438
113,107929378,115.39845275878906,85.00253295898438
114,107929378,78.50481414794922,85.00253295898438
115,107950019,100.39395141601562,77.00890350341797
116,107950019,97.4329605102539,77.00890350341797
117,107950019,104.5456314086914,77.00890350341797
118,107977272,98.8117904663086,66.30628967285156
119,107977272,105.85868072509766,66.30628967285156
120,108010692,105.17002868652344,129.26556396484375
121,108010692,105.17002868652344,129.26556396484375
122,108010692,105.17002868652344,129.26556396484375
123,108010692,107.1484146118164,129.26556396484375
124,108010692,85.99964141845703,129.26556396484375
125,108071103,84.64373016357422,129.26556396484375
126,108071103,90.20231628417969,129.26556396484375
127,108157321,98.41676330566406,69.45793914794922
128,108161933,98.03521728515625,83.49282836914062
129,108180772,101.92627716064453,126.59852600097656
130,108180772,101.92627716064453,126.59852600097656
131,108180772,101.92627716064453,126.59852600097656
132,108180776,88.15918731689453,72.28726959228516
133,108193078,73.6131820678711,26.295438766479492
134,108193078,73.6131820678711,26.295438766479492
135,108193078,73.6131820678711,26.295438766479492
136,108193078,73.6131820678711,26.295438766479492
137,108193078,76.09449768066406,26.295438766479492
138,108217796,71.7208251953125,26.295438766479492
139,108217796,71.7208251953125,26.295438766479492
140,108217796,89.41401672363281,26.295438766479492
141,108221936,69.72894287109375,119.43856048583984
142,108221936,69.72894287109375,119.43856048583984
143,108221936,69.72894287109375,119.43856048583984
144,108241887,78.87907409667969,26.295438766479492
145,108241887,78.87907409667969,26.295438766479492
146,108241887,78.87907409667969,26.295438766479492
147,108241887,78.87907409667969,26.295438766479492
148,108464983,104.5456314086914,77.00890350341797
149,108474264,101.6783218383789,128.63502502441406
150,108477877,98.95335388183594,66.30628967285156
151,108679211,82.89386749267578,26.295438766479492
152,108686392,101.6783218383789,128.63502502441406
153,108686392,101.6783218383789,128.63502502441406
154,108686392,101.6783218383789,128.63502502441406
155,108686392,101.6783218383789,128.63502502441406
156,108686392,101.6783218383789,128.63502502441406
157,108686392,101.6783218383789,128.63502502441406
158,108686392,101.6783218383789,128.63502502441406
159,108686392,101.6783218383789,128.63502502441406
160,108686392,101.6783218383789,128.63502502441406
161,108686392,101.6783218383789,128.63502502441406
162,108686394,98.95335388183594,66.30628967285156
163,108686406,81.09658813476562,26.295438766479492
164,108701657,71.27471160888672,26.295438766479492
165,108709163,89.20958709716797,85.2360610961914
166,108709163,89.20958709716797,85.2360610961914
167,108709163,89.20958709716797,85.2360610961914
168,108709163,89.20958709716797,85.2360610961914
169,108709163,89.20958709716797,85.2360610961914
170,108709163,89.20958709716797,85.2360610961914
171,108724346,87.2015151977539,26.295438766479492
172,108757651,83.45829010009766,119.11810302734375
173,108757651,83.45829010009766,119.11810302734375
174,108757651,82.13719940185547,119.11810302734375
175,108757651,92.89440155029297,119.11810302734375
176,108828908,85.2699203491211,137.12078857421875
177,108843898,99.6794204711914,103.28998565673828
178,108856488,111.21809387207031,100.85252380371094
179,108856488,83.47167205810547,100.85252380371094
180,108881907,93.28850555419922,129.26556396484375
181,108881907,93.28850555419922,129.26556396484375
182,108901583,105.40084838867188,107.47369384765625
183,108901583,105.40084838867188,107.47369384765625
184,108901583,105.40084838867188,107.47369384765625
185,108953612,88.25431823730469,81.99527740478516
186,108953612,69.79190826416016,81.99527740478516
187,108953612,69.79190826416016,81.99527740478516
188,108953612,88.25431823730469,81.99527740478516
189,108953612,88.25431823730469,81.99527740478516
190,108953612,88.25431823730469,81.99527740478516
191,108953612,88.25431823730469,81.99527740478516
192,108953612,69.79190826416016,81.99527740478516
193,108953612,69.79190826416016,81.99527740478516
194,108953612,69.79190826416016,81.99527740478516
195,108953614,97.73835754394531,87.42012023925781
196,108953614,97.73835754394531,87.42012023925781
197,108953614,97.73835754394531,87.42012023925781
198,108968271,97.03064727783203,128.63502502441406
199,108968271,97.03064727783203,128.63502502441406
200,108968271,97.03064727783203,128.63502502441406
201,108968271,97.03064727783203,128.63502502441406
202,108968271,97.03064727783203,128.63502502441406
203,108968271,97.03064727783203,128.63502502441406
204,108968271,97.03064727783203,128.63502502441406
205,108968271,97.03064727783203,128.63502502441406
206,108968271,97.03064727783203,128.63502502441406
207,108972991,75.87224578857422,26.295438766479492
208,108972991,75.87224578857422,26.295438766479492
209,108972991,75.87224578857422,26.295438766479492
210,108972991,75.87224578857422,26.295438766479492
211,108972991,75.87224578857422,26.295438766479492
212,108972991,75.87224578857422,26.295438766479492
213,108972991,75.87224578857422,26.295438766479492
214,108972991,75.87224578857422,26.295438766479492
215,109131040,92.89440155029297,119.11810302734375
216,109131040,92.89440155029297,119.11810302734375
217,109131040,92.89440155029297,119.11810302734375
218,109131040,93.08757019042969,119.11810302734375
219,109131041,89.4552230834961,119.11810302734375
220,109131041,89.4552230834961,119.11810302734375
221,109131041,89.4552230834961,119.11810302734375
222,109131041,108.2372817993164,119.11810302734375
223,109131041,108.2372817993164,119.11810302734375
224,109134961,87.29100036621094,87.42012023925781
225,109134961,91.84701538085938,87.42012023925781
226,109134961,91.84701538085938,87.42012023925781
227,109134961,91.84701538085938,87.42012023925781
228,109134961,91.84701538085938,87.42012023925781
229,109134961,91.84701538085938,87.42012023925781
230,109134961,91.84701538085938,87.42012023925781
231,109134961,81.62081146240234,87.42012023925781
232,109134961,81.03374481201172,87.42012023925781
233,109134961,81.03374481201172,87.42012023925781
234,109134961,87.29100036621094,87.42012023925781
235,109134961,87.29100036621094,87.42012023925781
236,109134961,91.84701538085938,87.42012023925781
237,109134961,91.84701538085938,87.42012023925781
238,109134961,91.84701538085938,87.42012023925781
239,109134961,91.84701538085938,87.42012023925781
240,109134961,91.84701538085938,87.42012023925781
241,109150195,71.27471160888672,26.295438766479492
242,109203106,85.96595001220703,126.59852600097656
243,109203106,98.22505950927734,126.59852600097656
244,109203106,98.22505950927734,126.59852600097656
245,109203106,77.80509185791016,126.59852600097656
246,109203106,77.80509185791016,126.59852600097656
247,109203106,77.80509185791016,126.59852600097656
248,109203106,77.80509185791016,126.59852600097656
249,109203106,77.80509185791016,126.59852600097656
250,109203106,98.22505950927734,126.59852600097656
251,109203106,98.22505950927734,126.59852600097656
252,109278062,92.80059814453125,65.73112487792969
253,109278062,92.80059814453125,65.73112487792969
254,109327981,90.57533264160156,85.2360610961914
255,109344561,90.05001831054688,39.07124710083008
256,109376601,85.93863677978516,34.95726013183594
257,109446204,75.3650131225586,137.12078857421875
258,109446204,75.3650131225586,137.12078857421875
259,109461471,93.74188995361328,65.73112487792969
260,109461471,93.74188995361328,65.73112487792969
261,2147596714,93.74188995361328,65.73112487792969
262,2147627532,74.44407653808594,26.295438766479492
263,2147627532,74.44407653808594,26.295438766479492
264,2147650134,91.72526550292969,72.10477447509766
265,2147650134,95.3915786743164,72.10477447509766
266,2147650134,95.3915786743164,72.10477447509766
267,2147650134,95.3915786743164,72.10477447509766
268,2147650134,95.3915786743164,72.10477447509766
269,2147650134,95.3915786743164,72.10477447509766
270,2147650136,98.13346862792969,72.28726959228516
271,2147650136,98.13346862792969,72.28726959228516
272,2147650136,98.13346862792969,72.28726959228516
273,2147650136,98.13346862792969,72.28726959228516
274,2147650136,98.13346862792969,72.28726959228516
275,2147650136,98.13346862792969,72.28726959228516
276,2147653423,99.0995864868164,119.11810302734375
277,2147653423,99.0995864868164,119.11810302734375
278,2147653423,99.0995864868164,119.11810302734375
279,2147653423,99.0995864868164,119.11810302734375
280,2147654946,80.74199676513672,83.49282836914062
281,2147654946,80.74199676513672,83.49282836914062
282,2147654946,80.74199676513672,83.49282836914062
283,2147654946,80.74199676513672,83.49282836914062
284,2147666621,83.3175048828125,39.07124710083008
285,2147666621,83.3175048828125,39.07124710083008
286,2147666621,83.3175048828125,39.07124710083008
287,2147666621,83.3175048828125,39.07124710083008
288,2147666621,83.3175048828125,39.07124710083008
289,2147670975,108.38353729248047,119.11810302734375
290,2147670975,108.38353729248047,119.11810302734375
291,2147674771,80.74199676513672,83.49282836914062
292,2147692237,102.00460052490234,128.63502502441406
293,2147692237,102.00460052490234,128.63502502441406
294,2147692237,102.00460052490234,128.63502502441406
295,2147692237,102.00460052490234,128.63502502441406
296,2147692237,102.00460052490234,128.63502502441406
297,2147699360,89.54844665527344,72.10477447509766
298,2147705011,80.74199676513672,83.49282836914062
299,2147718480,107.53868103027344,154.29991149902344
300,2147734590,66.80142974853516,39.07124710083008
301,2147734590,80.20983123779297,39.07124710083008
302,2147734590,80.20983123779297,39.07124710083008
303,2147734590,80.20983123779297,39.07124710083008
304,2147734590,93.74571228027344,39.07124710083008
305,2147734590,91.21820068359375,39.07124710083008
306,2147734590,65.70915985107422,39.07124710083008
307,2147734590,65.70915985107422,39.07124710083008
308,2147746658,94.63385772705078,85.2360610961914
309,2147746658,94.63385772705078,85.2360610961914
310,2147746658,94.63385772705078,85.2360610961914
311,2147746658,94.63385772705078,85.2360610961914
312,2147746658,94.63385772705078,85.2360610961914
313,2147750169,96.01323699951172,48.96632766723633
314,2147752121,86.81185150146484,80.45603942871094
315,2147752121,86.81185150146484,80.45603942871094
316,2147752121,86.81185150146484,80.45603942871094
317,2147752555,81.36925506591797,39.07124710083008
318,2147752555,73.98694610595703,39.07124710083008
319,2147752555,73.98694610595703,39.07124710083008
320,2147752555,89.49746704101562,39.07124710083008
321,2147752555,80.00218200683594,39.07124710083008
322,2147763265,79.40015411376953,83.49282836914062
323,2147763265,79.40015411376953,83.49282836914062
324,2147763265,79.40015411376953,83.49282836914062
325,2147763294,77.55240631103516,77.00890350341797
326,2147763294,101.31975555419922,77.00890350341797
327,2147763294,101.31975555419922,77.00890350341797
328,2147763294,78.33033752441406,77.00890350341797
329,2147763294,105.95184326171875,77.00890350341797
330,2147763294,75.772705078125,77.00890350341797
331,2147763294,73.80619049072266,77.00890350341797
332,2147773507,107.43891143798828,126.59852600097656
333,2147773507,107.43891143798828,126.59852600097656
334,2147790691,86.0505599975586,39.07124710083008
335,2147790691,86.0505599975586,39.07124710083008
336,2147796758,94.63385772705078,85.2360610961914
337,2147800434,95.5485610961914,103.28998565673828
338,2147800434,97.13824462890625,103.28998565673828
339,2147800434,97.13824462890625,103.28998565673828
340,2147800434,95.5485610961914,103.28998565673828
341,2147807807,92.82852935791016,137.12078857421875
342,2147814419,97.07665252685547,48.96632766723633
343,2147814419,97.07665252685547,48.96632766723633
344,2147814419,97.07665252685547,48.96632766723633
345,2147814419,97.07665252685547,48.96632766723633
346,2147814419,97.07665252685547,48.96632766723633
347,2147822316,108.42581176757812,103.28998565673828
348,2147822316,108.2501449584961,103.28998565673828
349,2147822316,108.2501449584961,103.28998565673828
350,2147822316,108.2501449584961,103.28998565673828
351,2147830365,87.7777328491211,26.295438766479492
352,2147830365,87.7777328491211,26.295438766479492
353,2147830365,87.7777328491211,26.295438766479492
354,2147830365,87.7777328491211,26.295438766479492
355,2147846491,83.63426971435547,103.28998565673828
356,2147846491,83.63426971435547,103.28998565673828
357,2147848746,107.26921844482422,105.68661499023438
358,2147848746,113.00609588623047,105.68661499023438
359,2147848746,107.26921844482422,105.68661499023438
360,2147848746,107.26921844482422,105.68661499023438
361,2147848746,107.26921844482422,105.68661499023438
362,2147851280,100.4949722290039,116.93912506103516
363,2147851280,100.4949722290039,116.93912506103516
364,2147851280,89.5884017944336,116.93912506103516
365,2147851280,89.5884017944336,116.93912506103516
366,2147851280,89.5884017944336,116.93912506103516
367,2147851280,95.79319763183594,116.93912506103516
368,2147851280,95.79319763183594,116.93912506103516
369,2147851280,95.772705078125,116.93912506103516
370,2147851280,102.8947982788086,116.93912506103516
371,2147851280,100.4949722290039,116.93912506103516
372,2147864113,82.02299499511719,119.43856048583984
373,2147864113,82.02299499511719,119.43856048583984
374,2147864113,82.02299499511719,119.43856048583984
375,2147864113,82.02299499511719,119.43856048583984
376,2147864124,81.34114837646484,119.43856048583984
377,2147864124,81.33460235595703,119.43856048583984
378,2147864124,81.33460235595703,119.43856048583984
379,2147864124,81.33460235595703,119.43856048583984
380,2147864124,81.34114837646484,119.43856048583984
381,2147871182,94.63385772705078,85.2360610961914
382,2147880707,100.1249008178711,129.26556396484375
383,2147889976,107.19712829589844,129.26556396484375
384,2147889976,109.61811065673828,129.26556396484375
385,2147907337,94.10514831542969,103.28998565673828
386,2147927741,103.1316909790039,76.7719955444336
387,2147927741,90.25492858886719,76.7719955444336
388,2147927746,96.9626235961914,76.7719955444336
389,2147927746,84.32259368896484,76.7719955444336
390,2147927746,84.32259368896484,76.7719955444336
391,2147927746,84.32259368896484,76.7719955444336
392,2147938563,95.29090881347656,103.28998565673828
393,2147938563,95.29090881347656,103.28998565673828
394,2147938563,95.29090881347656,103.28998565673828
395,2147947487,94.02508544921875,103.28998565673828
396,2147947487,94.10514831542969,103.28998565673828
397,2147947487,94.10514831542969,103.28998565673828
398,2147947487,92.89586639404297,103.28998565673828
399,2147967734,71.69389343261719,119.43856048583984
400,2147967734,82.69242095947266,119.43856048583984
401,2147972191,88.08147430419922,154.29991149902344
402,2147972191,99.06266784667969,154.29991149902344
403,2147972191,99.06266784667969,154.29991149902344
404,2147972191,99.06266784667969,154.29991149902344
405,2147972191,99.06266784667969,154.29991149902344
406,2147972191,99.38313293457031,154.29991149902344
407,2147972191,99.38313293457031,154.29991149902344
408,2147986718,79.0261459350586,119.43856048583984
409,2148003540,78.29640197753906,69.36235046386719
410,2148003540,80.57559967041016,69.36235046386719
411,2148003540,80.57559967041016,69.36235046386719
412,2148003540,80.57559967041016,69.36235046386719
413,2148004110,106.80245971679688,126.59852600097656
414,2148004110,108.3716812133789,126.59852600097656
415,2148004110,108.3716812133789,126.59852600097656
416,2148004110,108.3716812133789,126.59852600097656
417,2148013408,104.99061584472656,76.7719955444336
418,2148013408,106.597412109375,76.7719955444336
419,2148017928,96.39855194091797,69.45793914794922
420,2148017928,96.51513671875,69.45793914794922
421,2148017928,96.51513671875,69.45793914794922
422,2148017928,96.51513671875,69.45793914794922
423,2148017932,100.82880401611328,80.45603942871094
424,2148024513,75.0061264038086,119.43856048583984
425,2148024513,75.81452941894531,119.43856048583984
426,2148024513,75.81452941894531,119.43856048583984
427,2148024513,75.82381439208984,119.43856048583984
428,2148024513,75.0061264038086,119.43856048583984
429,2148024513,75.0061264038086,119.43856048583984
430,2148025215,97.9499282836914,72.10477447509766
431,3000000507,97.34820556640625,103.28998565673828
432,3000015810,99.37374114990234,85.00253295898438
433,3000015810,98.9881591796875,85.00253295898438
434,3000015810,98.9881591796875,85.00253295898438
435,3000015810,98.9881591796875,85.00253295898438
436,3000015810,98.9881591796875,85.00253295898438
437,3000015810,98.9881591796875,85.00253295898438
438,3000015835,98.5714111328125,119.03363037109375
439,3000015835,98.97093200683594,119.03363037109375
440,3000015835,98.97093200683594,119.03363037109375
441,3000015836,103.44576263427734,119.03363037109375
442,3000015836,101.62808227539062,119.03363037109375
443,3000029483,95.24393463134766,128.63502502441406
444,3000029483,97.8111343383789,128.63502502441406
445,3000029483,97.8111343383789,128.63502502441406
446,3000029483,90.14837646484375,128.63502502441406
447,3000029483,90.14837646484375,128.63502502441406
448,3000029483,90.14837646484375,128.63502502441406
449,3000029483,90.14837646484375,128.63502502441406
450,3000029483,99.71135711669922,128.63502502441406
451,3000029483,94.73906707763672,128.63502502441406
452,3000030941,96.46898651123047,119.11810302734375
453,3000030941,104.79183959960938,119.11810302734375
454,3000030941,104.79183959960938,119.11810302734375
455,3000030941,102.9244155883789,119.11810302734375
456,3000030941,102.9244155883789,119.11810302734375
457,3000030941,98.21365356445312,119.11810302734375
458,3000054852,64.95669555664062,137.12078857421875
459,3000054852,67.71317291259766,137.12078857421875
460,3000054852,67.71317291259766,137.12078857421875
461,3000061049,101.84291076660156,103.28998565673828
462,3000064751,103.73503112792969,80.45603942871094
463,3000064751,100.82880401611328,80.45603942871094
464,3000064751,103.73503112792969,80.45603942871094
465,3000064751,103.73503112792969,80.45603942871094
466,3000076912,90.24592590332031,69.45793914794922
467,3000076912,90.24592590332031,69.45793914794922
468,3000076912,90.24592590332031,69.45793914794922
469,3000083706,92.40017700195312,129.26556396484375
470,3000083706,92.357666015625,129.26556396484375
471,3000083706,91.39873504638672,129.26556396484375
472,3000113809,107.572509765625,129.26556396484375
473,3000113809,107.572509765625,129.26556396484375
474,3000113809,107.572509765625,129.26556396484375
475,3000113809,109.2416763305664,129.26556396484375
476,3000133182,111.50894165039062,129.26556396484375
477,3000133788,85.82426452636719,83.49282836914062
478,3000133788,85.87935638427734,83.49282836914062
479,3000133789,92.54573059082031,83.49282836914062
480,3000133789,77.84783172607422,83.49282836914062
481,3000133789,77.84783172607422,83.49282836914062
482,3000133789,92.54573059082031,83.49282836914062
483,3000133789,92.54573059082031,83.49282836914062
484,3000133789,92.54573059082031,83.49282836914062
485,3000135140,74.1402359008789,137.12078857421875
486,3000135140,97.7911605834961,137.12078857421875
487,3000135140,97.7911605834961,137.12078857421875
488,3000135595,97.59412384033203,137.12078857421875
489,3000135595,95.71834564208984,137.12078857421875
490,3000135595,95.71834564208984,137.12078857421875
491,3000137358,86.849365234375,26.295438766479492
492,3000137358,64.95382690429688,26.295438766479492
493,3000137358,64.95382690429688,26.295438766479492
494,3000137358,86.849365234375,26.295438766479492
495,3000151331,85.82426452636719,83.49282836914062
496,3000151331,85.87935638427734,83.49282836914062
497,3000151331,85.82426452636719,83.49282836914062
498,3000151331,85.82426452636719,83.49282836914062
499,3000168199,74.8348617553711,131.93246459960938
500,3000170326,103.75516510009766,129.26556396484375
501,3000175119,93.06023406982422,76.32022094726562
502,3000175119,93.38246154785156,76.32022094726562
503,3000175119,93.38246154785156,76.32022094726562
504,3000175119,93.38246154785156,76.32022094726562
505,3000177672,70.20953369140625,80.45603942871094
506,3000185607,77.55240631103516,77.00890350341797
507,3000200435,96.48692321777344,100.85252380371094
508,3000200435,97.02240753173828,100.85252380371094
509,3000200435,97.02240753173828,100.85252380371094
510,3000200435,97.02240753173828,100.85252380371094
511,3000200435,97.02240753173828,100.85252380371094
512,3000200435,79.87451934814453,100.85252380371094
513,3000214156,103.75516510009766,129.26556396484375
514,3000230299,102.2421646118164,66.30628967285156
515,3000230299,102.2421646118164,66.30628967285156
516,3000230299,102.2421646118164,66.30628967285156
517,3000230299,102.2421646118164,66.30628967285156
518,3000230299,102.26008605957031,66.30628967285156
519,3000230299,102.26008605957031,66.30628967285156
520,3000230299,102.26008605957031,66.30628967285156
521,3000230299,101.86463165283203,66.30628967285156
522,3000235001,88.08147430419922,154.29991149902344
523,3000235001,88.08147430419922,154.29991149902344
524,3000247992,110.48870086669922,129.26556396484375
525,3000266727,111.18451690673828,71.46088409423828
526,3000266727,111.18451690673828,71.46088409423828
527,3000276168,92.54573059082031,83.49282836914062
528,3000288255,68.00930786132812,26.295438766479492
529,3000290474,102.53722381591797,55.959495544433594
530,3000290474,102.53722381591797,55.959495544433594
531,3000290474,100.10464477539062,55.959495544433594
532,3000300568,99.5174789428711,82.00379180908203
533,3000300568,99.5174789428711,82.00379180908203
534,3000300568,99.5174789428711,82.00379180908203
535,3000300568,99.23004150390625,82.00379180908203
536,3000300568,99.23004150390625,82.00379180908203
537,3000300568,98.3770523071289,82.00379180908203
538,3000302764,101.29776763916016,92.16050720214844
539,3000302764,101.29776763916016,92.16050720214844
540,3000302764,101.29776763916016,92.16050720214844
541,3000308732,93.7565689086914,76.32022094726562
542,3000309131,108.40106201171875,115.1751708984375
543,3000309131,108.40106201171875,115.1751708984375
544,3000319169,109.6443099975586,83.3949203491211
545,3000319169,109.6443099975586,83.3949203491211
546,3000322304,66.33052062988281,100.85252380371094
547,3000322304,66.33052062988281,100.85252380371094
548,3000322304,66.33052062988281,100.85252380371094
549,3000322304,77.08193969726562,100.85252380371094
550,3000325639,69.98700714111328,69.45793914794922
551,3000325639,69.98700714111328,69.45793914794922
552,3000325639,69.98700714111328,69.45793914794922
553,3000328401,110.5967025756836,71.46088409423828
554,3000334610,101.64073181152344,69.20532989501953
555,3000334610,101.64073181152344,69.20532989501953
556,3000334610,101.64073181152344,69.20532989501953
557,3000334610,101.64073181152344,69.20532989501953
558,3000337021,96.97987365722656,137.12078857421875
559,3000339087,105.81852722167969,76.7719955444336
560,3000339087,105.81852722167969,76.7719955444336
561,3000339087,99.68539428710938,76.7719955444336
562,3000339087,99.68539428710938,76.7719955444336
563,3000339094,104.49349212646484,76.7719955444336
564,3000339095,92.80662536621094,80.45603942871094
565,3000339095,92.80662536621094,80.45603942871094
566,3000339095,92.80662536621094,80.45603942871094
567,3000339095,71.64054870605469,80.45603942871094
568,3000339103,77.86534881591797,80.45603942871094
569,3000339103,77.86534881591797,80.45603942871094
570,3000339103,77.86534881591797,80.45603942871094
571,3000339103,62.830814361572266,80.45603942871094
572,3000339103,97.41667175292969,80.45603942871094
573,3000345151,86.849365234375,26.295438766479492
574,3000352733,107.61360931396484,126.59852600097656
575,3000352733,107.61360931396484,126.59852600097656
576,3000352733,107.61360931396484,126.59852600097656
577,3000360445,74.73760986328125,26.295438766479492
578,3000370310,98.73202514648438,85.2360610961914
579,3000370310,98.73202514648438,85.2360610961914
580,3000370310,98.73202514648438,85.2360610961914
581,3000370310,98.73202514648438,85.2360610961914
582,3000370904,107.61360931396484,126.59852600097656
583,3000416003,109.6443099975586,83.3949203491211
584,3000416003,109.6443099975586,83.3949203491211
585,3000416003,109.6443099975586,83.3949203491211
586,3000416004,80.83525085449219,119.43856048583984
587,3000416004,80.83525085449219,119.43856048583984
588,3000416004,80.83525085449219,119.43856048583984
589,3000424822,64.86671447753906,39.07124710083008
590,3000424822,62.64057540893555,39.07124710083008
591,3000425348,97.44062805175781,128.63502502441406
592,3000433811,65.8736343383789,26.295438766479492
593,3000436266,76.12100219726562,102.56389617919922
594,3000450813,100.56434631347656,72.10477447509766
595,3000450813,100.56434631347656,72.10477447509766
596,3000463609,93.3304672241211,129.26556396484375
597,3000483363,99.52361297607422,107.47369384765625
598,3000483363,99.52361297607422,107.47369384765625
599,3000484988,105.60611724853516,71.46088409423828
600,3000485736,94.44222259521484,135.2084503173828
601,3000491564,93.3304672241211,129.26556396484375
602,3000494240,96.46898651123047,119.11810302734375
603,3000494240,95.19044494628906,119.11810302734375
604,3000509243,90.9958724975586,83.49282836914062
605,3000509243,100.79117584228516,83.49282836914062
606,3000513287,90.04149627685547,69.45793914794922
607,3000524457,94.44222259521484,135.2084503173828
608,3000532355,94.06099700927734,101.16220092773438
609,3000542385,108.93036651611328,80.5727310180664
610,3000542385,108.93036651611328,80.5727310180664
611,3000542385,107.19175720214844,80.5727310180664
612,3000542385,107.19175720214844,80.5727310180664
613,3000550434,94.44222259521484,135.2084503173828
614,3000554835,101.64073181152344,69.20532989501953
615,3000564520,108.66841125488281,126.59852600097656
616,3000564520,108.66841125488281,126.59852600097656
617,3000564528,105.40898895263672,65.73112487792969
618,3000564996,94.44222259521484,135.2084503173828
619,3000568746,73.3432846069336,100.85252380371094
620,3000568746,90.74262237548828,100.85252380371094
621,3000568746,64.15044403076172,100.85252380371094
622,3000568749,98.97808074951172,44.639556884765625
623,3000568749,98.97808074951172,44.639556884765625
624,3000570530,94.06099700927734,101.16220092773438
625,3000570530,94.06099700927734,101.16220092773438
626,3000570530,94.06099700927734,101.16220092773438
627,3000570530,94.06099700927734,101.16220092773438
628,3000573489,80.23419952392578,85.00253295898438
629,3000579638,96.52824401855469,115.1751708984375
630,3000579638,96.52824401855469,115.1751708984375
631,3000579638,96.52824401855469,115.1751708984375
632,3000579638,96.52824401855469,115.1751708984375
633,3000586947,94.44222259521484,135.2084503173828
634,3000595048,110.06294250488281,83.3949203491211
635,3000595048,110.06294250488281,83.3949203491211
636,3000595048,110.06294250488281,83.3949203491211
637,3000601103,94.44222259521484,135.2084503173828
638,3000608898,98.3113021850586,72.10477447509766
639,3000622114,94.44222259521484,135.2084503173828
640,3000627776,97.62400817871094,102.56389617919922
641,3000627776,88.8432388305664,102.56389617919922
642,3000627776,78.5479736328125,102.56389617919922
643,3000627776,78.5479736328125,102.56389617919922
644,3000627777,101.34424591064453,83.49282836914062
645,3000627777,102.21697235107422,83.49282836914062
646,3000644576,95.19044494628906,119.11810302734375
647,3000656481,94.44222259521484,135.2084503173828
648,3000660390,108.05899810791016,55.959495544433594
649,3000660390,110.59847259521484,55.959495544433594
650,3000664223,108.29906463623047,80.5727310180664
651,3000675102,99.68539428710938,76.7719955444336
652,3000680053,77.36226654052734,67.3784408569336
653,3000688120,97.2749252319336,72.10477447509766
654,3000709299,77.94618225097656,39.07124710083008
655,3000715056,105.5849609375,76.7719955444336
656,3000715056,105.5849609375,76.7719955444336
657,3000717728,96.78587341308594,83.49282836914062
658,3000717728,99.48389434814453,83.49282836914062
659,3000719471,99.52361297607422,107.47369384765625
660,3000719471,99.52361297607422,107.47369384765625
661,3000719471,99.52361297607422,107.47369384765625
662,3000730463,98.8064193725586,82.00379180908203
663,3000730463,98.8064193725586,82.00379180908203
664,3000730463,98.8064193725586,82.00379180908203
665,3000730463,98.8064193725586,82.00379180908203
666,3000730463,98.8064193725586,82.00379180908203
667,3000732994,90.86334991455078,83.49282836914062
668,3000735366,90.86334991455078,83.49282836914062
669,3000739739,106.28129577636719,129.26556396484375
670,3000745649,100.76152801513672,116.37858581542969
671,3000748358,90.4959487915039,126.59852600097656
672,3000748358,90.75605010986328,126.59852600097656
673,3000751615,108.265625,66.30628967285156
674,3000751615,108.265625,66.30628967285156
675,3000773052,69.2041244506836,102.56389617919922
676,3000776969,98.45575714111328,119.11810302734375
677,3000778787,101.0917739868164,93.02228546142578
678,3000782114,86.52613830566406,83.72360229492188
679,3000787043,103.60237121582031,76.7719955444336
680,3000787043,103.60237121582031,76.7719955444336
681,3000787043,103.60237121582031,76.7719955444336
682,3000790578,74.53533172607422,67.02745819091797
683,3000792444,106.98837280273438,78.39633178710938
684,3000798239,69.40374755859375,69.45793914794922
685,3000798239,69.40374755859375,69.45793914794922
686,3000817932,103.74418640136719,113.15628814697266
687,3000829531,82.4780044555664,76.7719955444336
688,3000829538,78.85682678222656,119.11810302734375
689,3000834966,99.48389434814453,83.49282836914062
690,3000837885,96.25369262695312,78.83515930175781
691,3000841076,100.70755767822266,83.49282836914062
692,3000841076,98.40522766113281,83.49282836914062
693,3000841076,98.31583404541016,83.49282836914062
694,3000845416,82.2153549194336,76.7719955444336
695,3000849661,73.23751068115234,39.07124710083008
696,3000855025,97.080322265625,78.83515930175781
697,3000855816,98.35736083984375,83.49282836914062
698,3000860372,65.6919174194336,119.43856048583984
699,3000865682,70.43502044677734,76.7719955444336
700,3000865682,82.5484619140625,76.7719955444336
701,3000870207,103.03436279296875,65.73112487792969
702,3000870207,103.03436279296875,65.73112487792969
703,3000874601,99.94132995605469,76.7719955444336
704,3000876007,102.74714660644531,85.00253295898438
705,3000876474,91.25634002685547,44.639556884765625
706,3000876474,91.25634002685547,44.639556884765625
707,3000876474,91.25634002685547,44.639556884765625
708,3000876474,91.25634002685547,44.639556884765625
709,3000877982,79.16455841064453,54.72894287109375
710,3000878639,83.66692352294922,177.4025421142578
711,3000883780,95.77925109863281,129.26556396484375
712,3000888120,103.37594604492188,76.7719955444336
713,3000888120,103.37594604492188,76.7719955444336
714,3000901099,110.59847259521484,55.959495544433594
715,3000901099,110.59847259521484,55.959495544433594
716,3000905010,105.88773345947266,129.26556396484375
717,3000905845,97.69583892822266,76.7719955444336
718,3000905845,97.69583892822266,76.7719955444336
719,3000911420,98.35904693603516,83.49282836914062
720,3000917083,94.75911712646484,78.83515930175781
721,3000922349,100.24282836914062,107.47369384765625
722,3000922349,100.24282836914062,107.47369384765625
723,3000922349,102.17990112304688,107.47369384765625
724,3000922349,102.17990112304688,107.47369384765625
725,3000922349,102.17990112304688,107.47369384765625
726,3000924443,76.60447692871094,83.72360229492188
727,3000924443,76.60447692871094,83.72360229492188
728,3000926113,103.86524963378906,94.06112670898438
729,3000926113,106.88426971435547,94.06112670898438
730,3000926113,106.88426971435547,94.06112670898438
731,3000929194,105.0770492553711,129.26556396484375
732,3000933265,107.67493438720703,129.26556396484375
733,3000933277,74.25213623046875,54.72894287109375
734,3000934748,73.98460388183594,67.02745819091797
735,3000934748,73.98460388183594,67.02745819091797
736,3000934754,106.98837280273438,78.39633178710938
737,3000934754,106.98837280273438,78.39633178710938
738,3000934754,106.98837280273438,78.39633178710938
739,3000934754,106.98837280273438,78.39633178710938
740,3000934754,106.98837280273438,78.39633178710938
741,3000937197,93.45588684082031,177.4025421142578
742,3000937197,93.45588684082031,177.4025421142578
743,3000937197,92.07718658447266,177.4025421142578
744,3000937197,92.07718658447266,177.4025421142578
745,3000937197,92.07718658447266,177.4025421142578
746,3000937197,92.07718658447266,177.4025421142578
747,3000937197,92.07718658447266,177.4025421142578
748,3000937201,75.1987075805664,26.295438766479492
749,3000941960,103.74418640136719,113.15628814697266
750,3000941960,103.04045867919922,113.15628814697266
751,3000941960,103.04045867919922,113.15628814697266
752,3000942649,94.8829574584961,58.34477996826172
753,3000942649,94.8829574584961,58.34477996826172
754,3000942649,94.8829574584961,58.34477996826172
755,3000962764,98.35904693603516,83.49282836914062
756,3000973963,108.265625,66.30628967285156
757,3000973963,108.265625,66.30628967285156
758,3000973963,108.265625,66.30628967285156
759,3000984308,98.95903015136719,113.86203002929688
760,3000984308,98.95903015136719,113.86203002929688
761,3000984308,98.95903015136719,113.86203002929688
762,3000993570,83.90607452392578,119.11810302734375
763,3000993570,83.90607452392578,119.11810302734375
764,3001006545,98.35904693603516,83.49282836914062
765,3001011174,84.49628448486328,92.16050720214844
766,3001032909,108.17518615722656,80.5727310180664
767,3001032909,108.17518615722656,80.5727310180664
768,3001032911,76.60447692871094,83.72360229492188
769,3001041590,102.40255737304688,69.20532989501953
770,3001043965,102.35869598388672,102.56389617919922
771,3001053646,80.88114166259766,119.11810302734375
772,3001053646,80.88114166259766,119.11810302734375
773,3001053646,93.49922180175781,119.11810302734375
774,3001053646,93.49922180175781,119.11810302734375
775,3001056307,102.52269744873047,128.63502502441406
776,3001056307,102.52269744873047,128.63502502441406
777,3001056307,102.52269744873047,128.63502502441406
778,3001056307,102.52269744873047,128.63502502441406
779,3001056321,97.56245422363281,105.68661499023438
780,3001069363,72.32134246826172,92.16050720214844
781,3001079027,102.9405517578125,93.02228546142578
782,3001090289,82.53594207763672,112.35911560058594
783,3001100522,98.8323974609375,129.26556396484375
784,3001104097,107.5206527709961,137.12078857421875
785,3001108843,73.86515045166016,26.295438766479492
786,3001111357,71.7897720336914,69.45793914794922
787,3001115668,109.79796600341797,129.26556396484375
788,3001118961,94.02837371826172,116.93912506103516
789,3001137134,107.5206527709961,137.12078857421875
790,3001139201,105.01443481445312,65.73112487792969
791,3001173499,96.57462310791016,116.93912506103516
792,3001173503,110.46940612792969,105.68661499023438
793,3001192730,97.99140167236328,72.10477447509766
794,3001206673,86.46790313720703,128.63502502441406
795,3001206673,86.46790313720703,128.63502502441406
796,3001206673,86.46790313720703,128.63502502441406
797,3001216060,72.09751892089844,83.49282836914062
798,3001217133,107.68576049804688,66.30628967285156
799,3001217133,107.68576049804688,66.30628967285156
800,3001217133,107.68576049804688,66.30628967285156
801,3001217133,107.68576049804688,66.30628967285156
802,3001217133,107.68576049804688,66.30628967285156
803,3001230305,109.12205505371094,137.12078857421875
804,3001230918,108.265625,66.30628967285156
805,3001230918,108.265625,66.30628967285156
806,3001232353,95.0988540649414,44.639556884765625
807,3001232353,91.8394546508789,44.639556884765625
808,3001234155,78.55840301513672,112.35911560058594
809,3001262629,101.4942398071289,126.59852600097656
810,3001262629,101.4942398071289,126.59852600097656
811,3001280447,110.48870086669922,129.26556396484375
812,3001283627,96.57462310791016,116.93912506103516
813,3001283627,96.57462310791016,116.93912506103516
814,3001283627,96.57462310791016,116.93912506103516
815,3001285880,110.46940612792969,105.68661499023438
816,3001293546,72.09751892089844,83.49282836914062
817,3001303099,97.22069549560547,72.10477447509766
818,3001309416,103.96504974365234,107.47369384765625
819,3001377917,95.65119934082031,83.49282836914062
820,3001377918,75.09503936767578,83.49282836914062
821,3001383391,105.17870330810547,76.7719955444336
822,3001385831,88.2079849243164,76.32022094726562
823,3001397634,72.38137817382812,69.45793914794922
824,3001397634,72.38137817382812,69.45793914794922
825,3001397634,72.38137817382812,69.45793914794922
826,3001400676,78.30579376220703,112.35911560058594
827,3001413728,73.16182708740234,26.295438766479492
828,3001413728,73.16182708740234,26.295438766479492
829,3001425677,78.30579376220703,112.35911560058594
830,3001431708,105.13346862792969,76.7719955444336
831,3001431708,105.13346862792969,76.7719955444336
832,3001437112,66.74068450927734,83.72360229492188
833,3001440003,106.98837280273438,78.39633178710938
834,3001456324,109.2416763305664,129.26556396484375
835,3001462798,86.95906829833984,78.83515930175781
836,3001463351,86.46790313720703,128.63502502441406
837,3001465083,72.23416900634766,136.05079650878906
838,3001465568,70.43502044677734,128.63502502441406
839,3001465568,100.00395965576172,128.63502502441406
840,3001468146,103.75516510009766,129.26556396484375
841,3001473728,76.07936096191406,83.49282836914062
842,3001479381,99.46985626220703,129.26556396484375
843,3001489535,77.567138671875,54.72894287109375
844,3001520478,109.54435729980469,129.26556396484375
845,3001531679,105.2306900024414,65.73112487792969
846,3001540484,94.0927505493164,112.77490234375
847,3001540484,94.0927505493164,112.77490234375
848,3001540484,94.0927505493164,112.77490234375
849,3001540484,94.0927505493164,112.77490234375
850,3001555345,104.18231964111328,112.77490234375
851,3001555345,104.18231964111328,112.77490234375
852,3001568336,105.2306900024414,65.73112487792969
853,3001570887,108.37532806396484,112.77490234375
854,3001570887,108.37532806396484,112.77490234375
855,3001602818,84.49628448486328,92.16050720214844
856,3001602822,99.52207946777344,44.639556884765625
857,3001611570,73.42070770263672,119.43856048583984
858,3001612569,69.34767150878906,83.49282836914062
859,3001616062,107.12734985351562,71.46088409423828
860,3001617061,71.9266357421875,83.49282836914062
861,3001629661,73.42070770263672,119.43856048583984
862,3001632322,92.98942565917969,72.10477447509766
863,3001642073,77.11627960205078,89.21868133544922
864,3001647727,100.00395965576172,128.63502502441406
865,3001647787,84.49628448486328,92.16050720214844
866,3001647787,84.49628448486328,92.16050720214844
867,3001647826,107.12734985351562,71.46088409423828
868,3001647856,101.4942398071289,126.59852600097656
869,3001647879,66.74068450927734,83.72360229492188
870,3001647962,72.67886352539062,136.05079650878906
871,3001648081,107.68576049804688,66.30628967285156
872,3001648130,108.37532806396484,112.77490234375
873,3001648131,104.18231964111328,112.77490234375
874,3001652462,72.67886352539062,136.05079650878906
875,3001652573,107.68576049804688,66.30628967285156
876,3001652616,108.37532806396484,112.77490234375
877,3001652617,104.18231964111328,112.77490234375
878,3001657695,72.67886352539062,136.05079650878906
879,3001657695,72.67886352539062,136.05079650878906
880,3001691930,97.75407409667969,92.16050720214844
881,3001698903,96.0922622680664,92.16050720214844
882,3001703695,92.98942565917969,72.10477447509766
883,3001703743,68.6546630859375,83.49282836914062
884,3001703861,96.0922622680664,92.16050720214844
885,3001703866,97.75407409667969,92.16050720214844
886,3001703884,107.8189697265625,80.5727310180664
887,3001703944,101.4942398071289,126.59852600097656
888,3001704039,72.67886352539062,136.05079650878906
889,3001704039,72.67886352539062,136.05079650878906
890,3001704135,106.7815933227539,66.30628967285156
891,3001704135,106.7815933227539,66.30628967285156
892,3001704174,108.37532806396484,112.77490234375
893,3001704177,104.18231964111328,112.77490234375
894,3001704177,104.18231964111328,112.77490234375
895,3001713821,84.58370208740234,78.83515930175781
896,3001750814,101.4942398071289,126.59852600097656
897,3001759850,107.8189697265625,80.5727310180664
898,3001759852,73.8386459350586,26.295438766479492
899,3001782171,107.8189697265625,80.5727310180664
900,3001793209,93.74884796142578,112.77490234375
901,3001793224,88.43993377685547,129.26556396484375
902,3001804543,81.76589965820312,137.12078857421875
903,3001845893,94.44222259521484,135.2084503173828
904,3001845895,100.1007308959961,126.59852600097656
905,3001845895,100.1007308959961,126.59852600097656
906,3001848731,80.98865509033203,126.59852600097656
907,3001851085,90.04014587402344,119.11810302734375
908,3001855775,96.09222412109375,92.16050720214844
